county,year ,fuel_type,price_MMBtu,fuel_scen_id
Hawaii,2013,Biocrude,50.27,1
Hawaii,2014,Biocrude,46.08,1
Hawaii,2015,Biocrude,43.99,1
Hawaii,2016,Biocrude,43.78,1
Hawaii,2017,Biocrude,43.57,1
Hawaii,2018,Biocrude,43.36,1
Hawaii,2019,Biocrude,43.15,1
Hawaii,2020,Biocrude,42.94,1
Hawaii,2021,Biocrude,42.73,1
Hawaii,2022,Biocrude,42.52,1
Hawaii,2023,Biocrude,42.31,1
Hawaii,2024,Biocrude,42.1,1
Hawaii,2025,Biocrude,41.89,1
Hawaii,2026,Biocrude,41.68,1
Hawaii,2027,Biocrude,41.47,1
Hawaii,2028,Biocrude,41.26,1
Hawaii,2029,Biocrude,41.05,1
Hawaii,2030,Biocrude,40.85,1
Hawaii,2031,Biocrude,40.64,1
Hawaii,2032,Biocrude,40.43,1
Hawaii,2033,Biocrude,40.22,1
Hawaii,2013,Biocrude,50.89,2
Hawaii,2014,Biocrude,52.27,2
Hawaii,2015,Biocrude,52.23,2
Hawaii,2016,Biocrude,52.43,2
Hawaii,2017,Biocrude,52.15,2
Hawaii,2018,Biocrude,52.2,2
Hawaii,2019,Biocrude,51.97,2
Hawaii,2020,Biocrude,52.06,2
Hawaii,2021,Biocrude,52.32,2
Hawaii,2022,Biocrude,52.42,2
Hawaii,2023,Biocrude,52.49,2
Hawaii,2024,Biocrude,52.56,2
Hawaii,2025,Biocrude,52.63,2
Hawaii,2026,Biocrude,52.71,2
Hawaii,2027,Biocrude,52.78,2
Hawaii,2028,Biocrude,52.85,2
Hawaii,2029,Biocrude,52.92,2
Hawaii,2030,Biocrude,53,2
Hawaii,2031,Biocrude,53.07,2
Hawaii,2032,Biocrude,53.14,2
Hawaii,2033,Biocrude,53.21,2
Maui,2013,Biocrude,49.78,1
Maui,2014,Biocrude,45.63,1
Maui,2015,Biocrude,43.56,1
Maui,2016,Biocrude,43.35,1
Maui,2017,Biocrude,43.15,1
Maui,2018,Biocrude,42.94,1
Maui,2019,Biocrude,42.73,1
Maui,2020,Biocrude,42.52,1
Maui,2021,Biocrude,42.32,1
Maui,2022,Biocrude,42.11,1
Maui,2023,Biocrude,41.9,1
Maui,2024,Biocrude,41.69,1
Maui,2025,Biocrude,41.49,1
Maui,2026,Biocrude,41.28,1
Maui,2027,Biocrude,41.07,1
Maui,2028,Biocrude,40.86,1
Maui,2029,Biocrude,40.66,1
Maui,2030,Biocrude,40.45,1
Maui,2031,Biocrude,40.24,1
Maui,2032,Biocrude,40.03,1
Maui,2033,Biocrude,39.83,1
Maui,2013,Biocrude,50.39,2
Maui,2014,Biocrude,51.76,2
Maui,2015,Biocrude,51.72,2
Maui,2016,Biocrude,51.92,2
Maui,2017,Biocrude,51.64,2
Maui,2018,Biocrude,51.69,2
Maui,2019,Biocrude,51.46,2
Maui,2020,Biocrude,51.55,2
Maui,2021,Biocrude,51.81,2
Maui,2022,Biocrude,51.91,2
Maui,2023,Biocrude,51.98,2
Maui,2024,Biocrude,52.05,2
Maui,2025,Biocrude,52.12,2
Maui,2026,Biocrude,52.2,2
Maui,2027,Biocrude,52.27,2
Maui,2028,Biocrude,52.34,2
Maui,2029,Biocrude,52.41,2
Maui,2030,Biocrude,52.48,2
Maui,2031,Biocrude,52.55,2
Maui,2032,Biocrude,52.62,2
Maui,2033,Biocrude,52.7,2
Maui,2013,Biocrude,50.085,3
Maui,2014,Biocrude,48.695,3
Maui,2015,Biocrude,47.64,3
Maui,2016,Biocrude,47.635,3
Maui,2017,Biocrude,47.395,3
Maui,2018,Biocrude,47.315,3
Maui,2019,Biocrude,47.095,3
Maui,2020,Biocrude,47.035,3
Maui,2021,Biocrude,47.065,3
Maui,2022,Biocrude,47.01,3
Maui,2023,Biocrude,46.94,3
Maui,2024,Biocrude,46.87,3
Maui,2025,Biocrude,46.805,3
Maui,2026,Biocrude,46.74,3
Maui,2027,Biocrude,46.67,3
Maui,2028,Biocrude,46.6,3
Maui,2029,Biocrude,46.535,3
Maui,2030,Biocrude,46.465,3
Maui,2031,Biocrude,46.395,3
Maui,2032,Biocrude,46.325,3
Maui,2033,Biocrude,46.265,3
Oahu,2013,Biocrude,48.81,1
Oahu,2014,Biocrude,44.74,1
Oahu,2015,Biocrude,42.71,1
Oahu,2016,Biocrude,42.5,1
Oahu,2017,Biocrude,42.3,1
Oahu,2018,Biocrude,42.1,1
Oahu,2019,Biocrude,41.89,1
Oahu,2020,Biocrude,41.69,1
Oahu,2021,Biocrude,41.49,1
Oahu,2022,Biocrude,41.28,1
Oahu,2023,Biocrude,41.08,1
Oahu,2024,Biocrude,40.88,1
Oahu,2025,Biocrude,40.67,1
Oahu,2026,Biocrude,40.47,1
Oahu,2027,Biocrude,40.27,1
Oahu,2028,Biocrude,40.06,1
Oahu,2029,Biocrude,39.86,1
Oahu,2030,Biocrude,39.66,1
Oahu,2031,Biocrude,39.45,1
Oahu,2032,Biocrude,39.25,1
Oahu,2033,Biocrude,39.05,1
Oahu,2013,Biocrude,49.4,2
Oahu,2014,Biocrude,50.75,2
Oahu,2015,Biocrude,50.71,2
Oahu,2016,Biocrude,50.9,2
Oahu,2017,Biocrude,50.63,2
Oahu,2018,Biocrude,50.68,2
Oahu,2019,Biocrude,50.45,2
Oahu,2020,Biocrude,50.54,2
Oahu,2021,Biocrude,50.79,2
Oahu,2022,Biocrude,50.89,2
Oahu,2023,Biocrude,50.96,2
Oahu,2024,Biocrude,51.03,2
Oahu,2025,Biocrude,51.1,2
Oahu,2026,Biocrude,51.17,2
Oahu,2027,Biocrude,51.24,2
Oahu,2028,Biocrude,51.31,2
Oahu,2029,Biocrude,51.38,2
Oahu,2030,Biocrude,51.45,2
Oahu,2031,Biocrude,51.52,2
Oahu,2032,Biocrude,51.59,2
Oahu,2033,Biocrude,51.66,2
Oahu,2013,Biocrude,49.105,3
Oahu,2014,Biocrude,47.745,3
Oahu,2015,Biocrude,46.71,3
Oahu,2016,Biocrude,46.7,3
Oahu,2017,Biocrude,46.465,3
Oahu,2018,Biocrude,46.39,3
Oahu,2019,Biocrude,46.17,3
Oahu,2020,Biocrude,46.115,3
Oahu,2021,Biocrude,46.14,3
Oahu,2022,Biocrude,46.085,3
Oahu,2023,Biocrude,46.02,3
Oahu,2024,Biocrude,45.955,3
Oahu,2025,Biocrude,45.885,3
Oahu,2026,Biocrude,45.82,3
Oahu,2027,Biocrude,45.755,3
Oahu,2028,Biocrude,45.685,3
Oahu,2029,Biocrude,45.62,3
Oahu,2030,Biocrude,45.555,3
Oahu,2031,Biocrude,45.485,3
Oahu,2032,Biocrude,45.42,3
Oahu,2033,Biocrude,45.355,3
Hawaii,2013,Biodiesel,44.46,1
Hawaii,2014,Biodiesel,39.07,1
Hawaii,2015,Biodiesel,36.63,1
Hawaii,2016,Biodiesel,35.79,1
Hawaii,2017,Biodiesel,35.24,1
Hawaii,2018,Biodiesel,34.58,1
Hawaii,2019,Biodiesel,33.94,1
Hawaii,2020,Biodiesel,33.27,1
Hawaii,2021,Biodiesel,32.44,1
Hawaii,2022,Biodiesel,31.9,1
Hawaii,2023,Biodiesel,30.97,1
Hawaii,2024,Biodiesel,30.23,1
Hawaii,2025,Biodiesel,29.49,1
Hawaii,2026,Biodiesel,28.75,1
Hawaii,2027,Biodiesel,28.01,1
Hawaii,2028,Biodiesel,27.27,1
Hawaii,2029,Biodiesel,26.53,1
Hawaii,2030,Biodiesel,25.79,1
Hawaii,2031,Biodiesel,25.05,1
Hawaii,2032,Biodiesel,24.31,1
Hawaii,2033,Biodiesel,23.57,1
Hawaii,2013,Biodiesel,52.36,2
Hawaii,2014,Biodiesel,52.87,2
Hawaii,2015,Biodiesel,53.71,2
Hawaii,2016,Biodiesel,53.8,2
Hawaii,2017,Biodiesel,54.03,2
Hawaii,2018,Biodiesel,54.08,2
Hawaii,2019,Biodiesel,54.28,2
Hawaii,2020,Biodiesel,54.34,2
Hawaii,2021,Biodiesel,54.63,2
Hawaii,2022,Biodiesel,54.98,2
Hawaii,2023,Biodiesel,55.26,2
Hawaii,2024,Biodiesel,55.5,2
Hawaii,2025,Biodiesel,55.75,2
Hawaii,2026,Biodiesel,55.99,2
Hawaii,2027,Biodiesel,56.24,2
Hawaii,2028,Biodiesel,56.48,2
Hawaii,2029,Biodiesel,56.73,2
Hawaii,2030,Biodiesel,56.97,2
Hawaii,2031,Biodiesel,57.22,2
Hawaii,2032,Biodiesel,57.47,2
Hawaii,2033,Biodiesel,57.71,2
Hawaii,2013,Biodiesel,48.41,3
Hawaii,2013,Biodiesel,50.58,3
Hawaii,2014,Biodiesel,45.97,3
Hawaii,2014,Biodiesel,49.175,3
Hawaii,2015,Biodiesel,48.11,3
Hawaii,2015,Biodiesel,45.17,3
Hawaii,2016,Biodiesel,44.795,3
Hawaii,2016,Biodiesel,48.105,3
Hawaii,2017,Biodiesel,47.86,3
Hawaii,2017,Biodiesel,44.635,3
Hawaii,2018,Biodiesel,44.33,3
Hawaii,2018,Biodiesel,47.78,3
Hawaii,2019,Biodiesel,47.56,3
Hawaii,2019,Biodiesel,44.11,3
Hawaii,2020,Biodiesel,47.5,3
Hawaii,2020,Biodiesel,43.805,3
Hawaii,2021,Biodiesel,47.525,3
Hawaii,2021,Biodiesel,43.535,3
Hawaii,2022,Biodiesel,43.44,3
Hawaii,2022,Biodiesel,47.47,3
Hawaii,2023,Biodiesel,43.115,3
Hawaii,2023,Biodiesel,47.4,3
Hawaii,2024,Biodiesel,42.865,3
Hawaii,2024,Biodiesel,47.33,3
Hawaii,2025,Biodiesel,47.26,3
Hawaii,2025,Biodiesel,42.62,3
Hawaii,2026,Biodiesel,47.195,3
Hawaii,2026,Biodiesel,42.37,3
Hawaii,2027,Biodiesel,42.125,3
Hawaii,2027,Biodiesel,47.125,3
Hawaii,2028,Biodiesel,41.875,3
Hawaii,2028,Biodiesel,47.055,3
Hawaii,2029,Biodiesel,41.63,3
Hawaii,2029,Biodiesel,46.985,3
Hawaii,2030,Biodiesel,46.925,3
Hawaii,2030,Biodiesel,41.38,3
Hawaii,2031,Biodiesel,41.135,3
Hawaii,2031,Biodiesel,46.855,3
Hawaii,2032,Biodiesel,46.785,3
Hawaii,2032,Biodiesel,40.89,3
Hawaii,2033,Biodiesel,40.64,3
Hawaii,2033,Biodiesel,46.715,3
Maui,2013,Biodiesel,44.03,1
Maui,2014,Biodiesel,38.69,1
Maui,2015,Biodiesel,36.27,1
Maui,2016,Biodiesel,35.44,1
Maui,2017,Biodiesel,34.9,1
Maui,2018,Biodiesel,34.24,1
Maui,2019,Biodiesel,33.61,1
Maui,2020,Biodiesel,32.95,1
Maui,2021,Biodiesel,32.12,1
Maui,2022,Biodiesel,31.59,1
Maui,2023,Biodiesel,30.67,1
Maui,2024,Biodiesel,29.94,1
Maui,2025,Biodiesel,29.21,1
Maui,2026,Biodiesel,28.47,1
Maui,2027,Biodiesel,27.74,1
Maui,2028,Biodiesel,27.01,1
Maui,2029,Biodiesel,26.28,1
Maui,2030,Biodiesel,25.54,1
Maui,2031,Biodiesel,24.81,1
Maui,2032,Biodiesel,24.08,1
Maui,2033,Biodiesel,23.35,1
Maui,2013,Biodiesel,51.86,2
Maui,2014,Biodiesel,52.35,2
Maui,2015,Biodiesel,53.19,2
Maui,2016,Biodiesel,53.28,2
Maui,2017,Biodiesel,53.51,2
Maui,2018,Biodiesel,53.56,2
Maui,2019,Biodiesel,53.75,2
Maui,2020,Biodiesel,53.81,2
Maui,2021,Biodiesel,54.1,2
Maui,2022,Biodiesel,54.45,2
Maui,2023,Biodiesel,54.72,2
Maui,2024,Biodiesel,54.96,2
Maui,2025,Biodiesel,55.21,2
Maui,2026,Biodiesel,55.45,2
Maui,2027,Biodiesel,55.69,2
Maui,2028,Biodiesel,55.94,2
Maui,2029,Biodiesel,56.18,2
Maui,2030,Biodiesel,56.42,2
Maui,2031,Biodiesel,56.66,2
Maui,2032,Biodiesel,56.91,2
Maui,2033,Biodiesel,57.15,2
Maui,2013,Biodiesel,47.945,3
Maui,2014,Biodiesel,45.52,3
Maui,2015,Biodiesel,44.73,3
Maui,2016,Biodiesel,44.36,3
Maui,2017,Biodiesel,44.205,3
Maui,2018,Biodiesel,43.9,3
Maui,2019,Biodiesel,43.68,3
Maui,2020,Biodiesel,43.38,3
Maui,2021,Biodiesel,43.11,3
Maui,2022,Biodiesel,43.02,3
Maui,2023,Biodiesel,42.695,3
Maui,2024,Biodiesel,42.45,3
Maui,2025,Biodiesel,42.21,3
Maui,2026,Biodiesel,41.96,3
Maui,2027,Biodiesel,41.715,3
Maui,2028,Biodiesel,41.475,3
Maui,2029,Biodiesel,41.23,3
Maui,2030,Biodiesel,40.98,3
Maui,2031,Biodiesel,40.735,3
Maui,2032,Biodiesel,40.495,3
Maui,2033,Biodiesel,40.25,3
Oahu,2013,Biodiesel,43.17,1
Oahu,2014,Biodiesel,37.93,1
Oahu,2015,Biodiesel,35.56,1
Oahu,2016,Biodiesel,34.75,1
Oahu,2017,Biodiesel,34.22,1
Oahu,2018,Biodiesel,33.57,1
Oahu,2019,Biodiesel,32.95,1
Oahu,2020,Biodiesel,32.3,1
Oahu,2021,Biodiesel,31.49,1
Oahu,2022,Biodiesel,30.97,1
Oahu,2023,Biodiesel,30.07,1
Oahu,2024,Biodiesel,29.35,1
Oahu,2025,Biodiesel,28.63,1
Oahu,2026,Biodiesel,27.92,1
Oahu,2027,Biodiesel,27.2,1
Oahu,2028,Biodiesel,26.48,1
Oahu,2029,Biodiesel,25.76,1
Oahu,2030,Biodiesel,25.04,1
Oahu,2031,Biodiesel,24.32,1
Oahu,2032,Biodiesel,23.61,1
Oahu,2033,Biodiesel,22.89,1
Oahu,2013,Biodiesel,50.84,2
Oahu,2014,Biodiesel,51.33,2
Oahu,2015,Biodiesel,52.14,2
Oahu,2016,Biodiesel,52.23,2
Oahu,2017,Biodiesel,52.46,2
Oahu,2018,Biodiesel,52.51,2
Oahu,2019,Biodiesel,52.7,2
Oahu,2020,Biodiesel,52.76,2
Oahu,2021,Biodiesel,53.04,2
Oahu,2022,Biodiesel,53.38,2
Oahu,2023,Biodiesel,53.65,2
Oahu,2024,Biodiesel,53.89,2
Oahu,2025,Biodiesel,54.12,2
Oahu,2026,Biodiesel,54.36,2
Oahu,2027,Biodiesel,54.6,2
Oahu,2028,Biodiesel,54.84,2
Oahu,2029,Biodiesel,55.08,2
Oahu,2030,Biodiesel,55.32,2
Oahu,2031,Biodiesel,55.55,2
Oahu,2032,Biodiesel,55.79,2
Oahu,2033,Biodiesel,56.03,2
Oahu,2013,Biodiesel,47.005,3
Oahu,2014,Biodiesel,44.63,3
Oahu,2015,Biodiesel,43.85,3
Oahu,2016,Biodiesel,43.49,3
Oahu,2017,Biodiesel,43.34,3
Oahu,2018,Biodiesel,43.04,3
Oahu,2019,Biodiesel,42.825,3
Oahu,2020,Biodiesel,42.53,3
Oahu,2021,Biodiesel,42.265,3
Oahu,2022,Biodiesel,42.175,3
Oahu,2023,Biodiesel,41.86,3
Oahu,2024,Biodiesel,41.62,3
Oahu,2025,Biodiesel,41.375,3
Oahu,2026,Biodiesel,41.14,3
Oahu,2027,Biodiesel,40.9,3
Oahu,2028,Biodiesel,40.66,3
Oahu,2029,Biodiesel,40.42,3
Oahu,2030,Biodiesel,40.18,3
Oahu,2031,Biodiesel,39.935,3
Oahu,2032,Biodiesel,39.7,3
Oahu,2033,Biodiesel,39.46,3
Hawaii,2013,High-Sulfur-Diesel,22.23,1
Hawaii,2014,High-Sulfur-Diesel,20.02,1
Hawaii,2015,High-Sulfur-Diesel,19.07,1
Hawaii,2016,High-Sulfur-Diesel,18.33,1
Hawaii,2017,High-Sulfur-Diesel,17.63,1
Hawaii,2018,High-Sulfur-Diesel,17.91,1
Hawaii,2019,High-Sulfur-Diesel,18.23,1
Hawaii,2020,High-Sulfur-Diesel,18.62,1
Hawaii,2021,High-Sulfur-Diesel,19.04,1
Hawaii,2022,High-Sulfur-Diesel,19.49,1
Hawaii,2023,High-Sulfur-Diesel,19.93,1
Hawaii,2024,High-Sulfur-Diesel,20.34,1
Hawaii,2025,High-Sulfur-Diesel,20.79,1
Hawaii,2026,High-Sulfur-Diesel,21.21,1
Hawaii,2027,High-Sulfur-Diesel,21.64,1
Hawaii,2028,High-Sulfur-Diesel,22.09,1
Hawaii,2029,High-Sulfur-Diesel,22.53,1
Hawaii,2030,High-Sulfur-Diesel,22.98,1
Hawaii,2031,High-Sulfur-Diesel,23.43,1
Hawaii,2032,High-Sulfur-Diesel,23.89,1
Hawaii,2033,High-Sulfur-Diesel,24.44,1
Hawaii,2013,High-Sulfur-Diesel,22.21,2
Hawaii,2014,High-Sulfur-Diesel,27.94,2
Hawaii,2015,High-Sulfur-Diesel,30.67,2
Hawaii,2016,High-Sulfur-Diesel,32.97,2
Hawaii,2017,High-Sulfur-Diesel,34.02,2
Hawaii,2018,High-Sulfur-Diesel,35.15,2
Hawaii,2019,High-Sulfur-Diesel,36.34,2
Hawaii,2020,High-Sulfur-Diesel,37.63,2
Hawaii,2021,High-Sulfur-Diesel,39,2
Hawaii,2022,High-Sulfur-Diesel,40.54,2
Hawaii,2023,High-Sulfur-Diesel,42.11,2
Hawaii,2024,High-Sulfur-Diesel,43.8,2
Hawaii,2025,High-Sulfur-Diesel,45.6,2
Hawaii,2026,High-Sulfur-Diesel,47.47,2
Hawaii,2027,High-Sulfur-Diesel,49.41,2
Hawaii,2028,High-Sulfur-Diesel,51.43,2
Hawaii,2029,High-Sulfur-Diesel,53.52,2
Hawaii,2030,High-Sulfur-Diesel,55.54,2
Hawaii,2031,High-Sulfur-Diesel,57.62,2
Hawaii,2032,High-Sulfur-Diesel,59.77,2
Hawaii,2033,High-Sulfur-Diesel,62.21,2
Hawaii,2013,High-Sulfur-Diesel,22.27,3
Hawaii,2014,High-Sulfur-Diesel,22.62,3
Hawaii,2015,High-Sulfur-Diesel,22.74,3
Hawaii,2016,High-Sulfur-Diesel,23.33,3
Hawaii,2017,High-Sulfur-Diesel,24.13,3
Hawaii,2018,High-Sulfur-Diesel,24.99,3
Hawaii,2019,High-Sulfur-Diesel,25.88,3
Hawaii,2020,High-Sulfur-Diesel,26.82,3
Hawaii,2021,High-Sulfur-Diesel,27.81,3
Hawaii,2022,High-Sulfur-Diesel,28.86,3
Hawaii,2023,High-Sulfur-Diesel,29.95,3
Hawaii,2024,High-Sulfur-Diesel,31.09,3
Hawaii,2025,High-Sulfur-Diesel,32.26,3
Hawaii,2026,High-Sulfur-Diesel,33.49,3
Hawaii,2027,High-Sulfur-Diesel,34.77,3
Hawaii,2028,High-Sulfur-Diesel,36.09,3
Hawaii,2029,High-Sulfur-Diesel,37.48,3
Hawaii,2030,High-Sulfur-Diesel,38.93,3
Hawaii,2031,High-Sulfur-Diesel,40.43,3
Hawaii,2032,High-Sulfur-Diesel,41.99,3
Hawaii,2033,High-Sulfur-Diesel,43.6,3
Maui,2013,High-Sulfur-Diesel,22.37,1
Maui,2014,High-Sulfur-Diesel,20.04,1
Maui,2015,High-Sulfur-Diesel,19.04,1
Maui,2016,High-Sulfur-Diesel,18.25,1
Maui,2017,High-Sulfur-Diesel,17.5,1
Maui,2018,High-Sulfur-Diesel,17.78,1
Maui,2019,High-Sulfur-Diesel,18.09,1
Maui,2020,High-Sulfur-Diesel,18.48,1
Maui,2021,High-Sulfur-Diesel,18.9,1
Maui,2022,High-Sulfur-Diesel,19.36,1
Maui,2023,High-Sulfur-Diesel,19.79,1
Maui,2024,High-Sulfur-Diesel,20.21,1
Maui,2025,High-Sulfur-Diesel,20.66,1
Maui,2026,High-Sulfur-Diesel,21.08,1
Maui,2027,High-Sulfur-Diesel,21.51,1
Maui,2028,High-Sulfur-Diesel,21.96,1
Maui,2029,High-Sulfur-Diesel,22.4,1
Maui,2030,High-Sulfur-Diesel,22.85,1
Maui,2031,High-Sulfur-Diesel,23.31,1
Maui,2032,High-Sulfur-Diesel,23.77,1
Maui,2033,High-Sulfur-Diesel,24.32,1
Maui,2013,High-Sulfur-Diesel,22.35,2
Maui,2014,High-Sulfur-Diesel,28.32,2
Maui,2015,High-Sulfur-Diesel,31.16,2
Maui,2016,High-Sulfur-Diesel,33.56,2
Maui,2017,High-Sulfur-Diesel,34.65,2
Maui,2018,High-Sulfur-Diesel,35.82,2
Maui,2019,High-Sulfur-Diesel,37.04,2
Maui,2020,High-Sulfur-Diesel,38.38,2
Maui,2021,High-Sulfur-Diesel,39.79,2
Maui,2022,High-Sulfur-Diesel,41.39,2
Maui,2023,High-Sulfur-Diesel,43.01,2
Maui,2024,High-Sulfur-Diesel,44.76,2
Maui,2025,High-Sulfur-Diesel,46.61,2
Maui,2026,High-Sulfur-Diesel,48.55,2
Maui,2027,High-Sulfur-Diesel,50.55,2
Maui,2028,High-Sulfur-Diesel,52.65,2
Maui,2029,High-Sulfur-Diesel,54.8,2
Maui,2030,High-Sulfur-Diesel,56.9,2
Maui,2031,High-Sulfur-Diesel,59.05,2
Maui,2032,High-Sulfur-Diesel,61.28,2
Maui,2033,High-Sulfur-Diesel,63.81,2
Maui,2013,High-Sulfur-Diesel,22.41,3
Maui,2014,High-Sulfur-Diesel,22.76,3
Maui,2015,High-Sulfur-Diesel,22.87,3
Maui,2016,High-Sulfur-Diesel,23.47,3
Maui,2017,High-Sulfur-Diesel,24.3,3
Maui,2018,High-Sulfur-Diesel,25.19,3
Maui,2019,High-Sulfur-Diesel,26.1,3
Maui,2020,High-Sulfur-Diesel,27.06,3
Maui,2021,High-Sulfur-Diesel,28.08,3
Maui,2022,High-Sulfur-Diesel,29.16,3
Maui,2023,High-Sulfur-Diesel,30.29,3
Maui,2024,High-Sulfur-Diesel,31.45,3
Maui,2025,High-Sulfur-Diesel,32.66,3
Maui,2026,High-Sulfur-Diesel,33.93,3
Maui,2027,High-Sulfur-Diesel,35.24,3
Maui,2028,High-Sulfur-Diesel,36.61,3
Maui,2029,High-Sulfur-Diesel,38.04,3
Maui,2030,High-Sulfur-Diesel,39.53,3
Maui,2031,High-Sulfur-Diesel,41.08,3
Maui,2032,High-Sulfur-Diesel,42.69,3
Maui,2033,High-Sulfur-Diesel,44.35,3
Oahu,2013,High-Sulfur-Diesel,20.49,1
Oahu,2014,High-Sulfur-Diesel,18.48,1
Oahu,2015,High-Sulfur-Diesel,17.63,1
Oahu,2016,High-Sulfur-Diesel,16.96,1
Oahu,2017,High-Sulfur-Diesel,16.33,1
Oahu,2018,High-Sulfur-Diesel,16.59,1
Oahu,2019,High-Sulfur-Diesel,16.88,1
Oahu,2020,High-Sulfur-Diesel,17.24,1
Oahu,2021,High-Sulfur-Diesel,17.62,1
Oahu,2022,High-Sulfur-Diesel,18.05,1
Oahu,2023,High-Sulfur-Diesel,18.45,1
Oahu,2024,High-Sulfur-Diesel,18.83,1
Oahu,2025,High-Sulfur-Diesel,19.25,1
Oahu,2026,High-Sulfur-Diesel,19.64,1
Oahu,2027,High-Sulfur-Diesel,20.03,1
Oahu,2028,High-Sulfur-Diesel,20.44,1
Oahu,2029,High-Sulfur-Diesel,20.85,1
Oahu,2030,High-Sulfur-Diesel,21.26,1
Oahu,2031,High-Sulfur-Diesel,21.68,1
Oahu,2032,High-Sulfur-Diesel,22.11,1
Oahu,2033,High-Sulfur-Diesel,22.62,1
Oahu,2013,High-Sulfur-Diesel,20.47,2
Oahu,2014,High-Sulfur-Diesel,25.69,2
Oahu,2015,High-Sulfur-Diesel,28.17,2
Oahu,2016,High-Sulfur-Diesel,30.27,2
Oahu,2017,High-Sulfur-Diesel,31.23,2
Oahu,2018,High-Sulfur-Diesel,32.26,2
Oahu,2019,High-Sulfur-Diesel,33.35,2
Oahu,2020,High-Sulfur-Diesel,34.52,2
Oahu,2021,High-Sulfur-Diesel,35.77,2
Oahu,2022,High-Sulfur-Diesel,37.18,2
Oahu,2023,High-Sulfur-Diesel,38.62,2
Oahu,2024,High-Sulfur-Diesel,40.16,2
Oahu,2025,High-Sulfur-Diesel,41.8,2
Oahu,2026,High-Sulfur-Diesel,43.51,2
Oahu,2027,High-Sulfur-Diesel,45.28,2
Oahu,2028,High-Sulfur-Diesel,47.13,2
Oahu,2029,High-Sulfur-Diesel,49.03,2
Oahu,2030,High-Sulfur-Diesel,50.88,2
Oahu,2031,High-Sulfur-Diesel,52.77,2
Oahu,2032,High-Sulfur-Diesel,54.74,2
Oahu,2033,High-Sulfur-Diesel,56.97,2
Oahu,2013,High-Sulfur-Diesel,20.52,3
Oahu,2014,High-Sulfur-Diesel,20.85,3
Oahu,2015,High-Sulfur-Diesel,20.96,3
Oahu,2016,High-Sulfur-Diesel,21.5,3
Oahu,2017,High-Sulfur-Diesel,22.24,3
Oahu,2018,High-Sulfur-Diesel,23.03,3
Oahu,2019,High-Sulfur-Diesel,23.84,3
Oahu,2020,High-Sulfur-Diesel,24.69,3
Oahu,2021,High-Sulfur-Diesel,25.6,3
Oahu,2022,High-Sulfur-Diesel,26.56,3
Oahu,2023,High-Sulfur-Diesel,27.56,3
Oahu,2024,High-Sulfur-Diesel,28.6,3
Oahu,2025,High-Sulfur-Diesel,29.68,3
Oahu,2026,High-Sulfur-Diesel,30.8,3
Oahu,2027,High-Sulfur-Diesel,31.96,3
Oahu,2028,High-Sulfur-Diesel,33.18,3
Oahu,2029,High-Sulfur-Diesel,34.45,3
Oahu,2030,High-Sulfur-Diesel,35.77,3
Oahu,2031,High-Sulfur-Diesel,37.15,3
Oahu,2032,High-Sulfur-Diesel,38.57,3
Oahu,2033,High-Sulfur-Diesel,40.04,3
Oahu,2013,LNG,100,1
Oahu,2014,LNG,100,1
Oahu,2015,LNG,9.179,1
Oahu,2016,LNG,9.648,1
Oahu,2017,LNG,9.782,1
Oahu,2018,LNG,10.05,1
Oahu,2019,LNG,10.184,1
Oahu,2020,LNG,10.385,1
Oahu,2021,LNG,10.519,1
Oahu,2022,LNG,10.854,1
Oahu,2023,LNG,11.122,1
Oahu,2024,LNG,11.323,1
Oahu,2025,LNG,11.524,1
Oahu,2026,LNG,11.792,1
Oahu,2027,LNG,11.993,1
Oahu,2028,LNG,12.194,1
Oahu,2029,LNG,12.395,1
Oahu,2030,LNG,12.663,1
Oahu,2031,LNG,16.415,1
Oahu,2032,LNG,16.683,1
Oahu,2033,LNG,17.018,1
Oahu,2013,LNG,100,2
Oahu,2014,LNG,100,2
Oahu,2015,LNG,21.11,2
Oahu,2016,LNG,21.53,2
Oahu,2017,LNG,22.12,2
Oahu,2018,LNG,22.75,2
Oahu,2019,LNG,23.4,2
Oahu,2020,LNG,24.09,2
Oahu,2021,LNG,24.82,2
Oahu,2022,LNG,25.6,2
Oahu,2023,LNG,26.42,2
Oahu,2024,LNG,27.27,2
Oahu,2025,LNG,28.16,2
Oahu,2026,LNG,29.08,2
Oahu,2027,LNG,30.04,2
Oahu,2028,LNG,31.04,2
Oahu,2029,LNG,32.09,2
Oahu,2030,LNG,33.18,2
Oahu,2031,LNG,39.51,2
Oahu,2032,LNG,40.71,2
Oahu,2033,LNG,41.96,2
Oahu,2013,LNG,100,3
Oahu,2014,LNG,100,3
Oahu,2015,LNG,13.7,3
Oahu,2016,LNG,14.4,3
Oahu,2017,LNG,14.6,3
Oahu,2018,LNG,15,3
Oahu,2019,LNG,15.2,3
Oahu,2020,LNG,15.5,3
Oahu,2021,LNG,15.7,3
Oahu,2022,LNG,16.2,3
Oahu,2023,LNG,16.6,3
Oahu,2024,LNG,16.9,3
Oahu,2025,LNG,17.2,3
Oahu,2026,LNG,17.6,3
Oahu,2027,LNG,17.9,3
Oahu,2028,LNG,18.2,3
Oahu,2029,LNG,18.5,3
Oahu,2030,LNG,18.9,3
Oahu,2031,LNG,24.5,3
Oahu,2032,LNG,24.9,3
Oahu,2033,LNG,25.4,3
Oahu,2013,LSFO,17.61,1
Oahu,2014,LSFO,15.66,1
Oahu,2015,LSFO,14.8,1
Oahu,2016,LSFO,14.12,1
Oahu,2017,LSFO,13.48,1
Oahu,2018,LSFO,13.69,1
Oahu,2019,LSFO,13.92,1
Oahu,2020,LSFO,14.23,1
Oahu,2021,LSFO,14.55,1
Oahu,2022,LSFO,14.91,1
Oahu,2023,LSFO,15.25,1
Oahu,2024,LSFO,15.58,1
Oahu,2025,LSFO,15.93,1
Oahu,2026,LSFO,16.26,1
Oahu,2027,LSFO,16.6,1
Oahu,2028,LSFO,16.95,1
Oahu,2029,LSFO,17.3,1
Oahu,2030,LSFO,17.65,1
Oahu,2031,LSFO,18.01,1
Oahu,2032,LSFO,18.37,1
Oahu,2033,LSFO,18.8,1
Oahu,2013,LSFO,17.59,2
Oahu,2014,LSFO,22.57,2
Oahu,2015,LSFO,24.92,2
Oahu,2016,LSFO,26.91,2
Oahu,2017,LSFO,27.81,2
Oahu,2018,LSFO,28.77,2
Oahu,2019,LSFO,29.78,2
Oahu,2020,LSFO,30.87,2
Oahu,2021,LSFO,32.03,2
Oahu,2022,LSFO,33.34,2
Oahu,2023,LSFO,34.67,2
Oahu,2024,LSFO,36.11,2
Oahu,2025,LSFO,37.63,2
Oahu,2026,LSFO,39.22,2
Oahu,2027,LSFO,40.87,2
Oahu,2028,LSFO,42.59,2
Oahu,2029,LSFO,44.36,2
Oahu,2030,LSFO,46.09,2
Oahu,2031,LSFO,47.86,2
Oahu,2032,LSFO,49.7,2
Oahu,2033,LSFO,51.78,2
Oahu,2013,LSFO,17.64,3
Oahu,2014,LSFO,17.92,3
Oahu,2015,LSFO,18,3
Oahu,2016,LSFO,18.48,3
Oahu,2017,LSFO,19.16,3
Oahu,2018,LSFO,19.88,3
Oahu,2019,LSFO,20.62,3
Oahu,2020,LSFO,21.41,3
Oahu,2021,LSFO,22.24,3
Oahu,2022,LSFO,23.12,3
Oahu,2023,LSFO,24.03,3
Oahu,2024,LSFO,24.98,3
Oahu,2025,LSFO,25.97,3
Oahu,2026,LSFO,27,3
Oahu,2027,LSFO,28.08,3
Oahu,2028,LSFO,29.19,3
Oahu,2029,LSFO,30.36,3
Oahu,2030,LSFO,31.58,3
Oahu,2031,LSFO,32.85,3
Oahu,2032,LSFO,34.17,3
Oahu,2033,LSFO,35.53,3
Hawaii,2013,LSIFO,18.16,1
Hawaii,2014,LSIFO,16.23,1
Hawaii,2015,LSIFO,15.4,1
Hawaii,2016,LSIFO,14.74,1
Hawaii,2017,LSIFO,14.12,1
Hawaii,2018,LSIFO,14.34,1
Hawaii,2019,LSIFO,14.59,1
Hawaii,2020,LSIFO,14.9,1
Hawaii,2021,LSIFO,15.24,1
Hawaii,2022,LSIFO,15.61,1
Hawaii,2023,LSIFO,15.97,1
Hawaii,2024,LSIFO,16.3,1
Hawaii,2025,LSIFO,16.67,1
Hawaii,2026,LSIFO,17.01,1
Hawaii,2027,LSIFO,17.36,1
Hawaii,2028,LSIFO,17.72,1
Hawaii,2029,LSIFO,18.08,1
Hawaii,2030,LSIFO,18.45,1
Hawaii,2031,LSIFO,18.82,1
Hawaii,2032,LSIFO,19.19,1
Hawaii,2033,LSIFO,19.64,1
Hawaii,2013,LSIFO,18.14,2
Hawaii,2014,LSIFO,23.08,2
Hawaii,2015,LSIFO,25.42,2
Hawaii,2016,LSIFO,27.39,2
Hawaii,2017,LSIFO,28.29,2
Hawaii,2018,LSIFO,29.25,2
Hawaii,2019,LSIFO,30.26,2
Hawaii,2020,LSIFO,31.36,2
Hawaii,2021,LSIFO,32.52,2
Hawaii,2022,LSIFO,33.83,2
Hawaii,2023,LSIFO,35.17,2
Hawaii,2024,LSIFO,36.61,2
Hawaii,2025,LSIFO,38.13,2
Hawaii,2026,LSIFO,39.72,2
Hawaii,2027,LSIFO,41.37,2
Hawaii,2028,LSIFO,43.1,2
Hawaii,2029,LSIFO,44.87,2
Hawaii,2030,LSIFO,46.59,2
Hawaii,2031,LSIFO,48.37,2
Hawaii,2032,LSIFO,50.2,2
Hawaii,2033,LSIFO,52.28,2
Hawaii,2013,LSIFO,18.19,3
Hawaii,2014,LSIFO,18.48,3
Hawaii,2015,LSIFO,18.56,3
Hawaii,2016,LSIFO,19.06,3
Hawaii,2017,LSIFO,19.74,3
Hawaii,2018,LSIFO,20.46,3
Hawaii,2019,LSIFO,21.21,3
Hawaii,2020,LSIFO,22,3
Hawaii,2021,LSIFO,22.84,3
Hawaii,2022,LSIFO,23.72,3
Hawaii,2023,LSIFO,24.65,3
Hawaii,2024,LSIFO,25.6,3
Hawaii,2025,LSIFO,26.6,3
Hawaii,2026,LSIFO,27.63,3
Hawaii,2027,LSIFO,28.71,3
Hawaii,2028,LSIFO,29.83,3
Hawaii,2029,LSIFO,31.01,3
Hawaii,2030,LSIFO,32.23,3
Hawaii,2031,LSIFO,33.51,3
Hawaii,2032,LSIFO,34.83,3
Hawaii,2033,LSIFO,36.19,3
Maui,2013,LSIFO,17.92,1
Maui,2014,LSIFO,15.99,1
Maui,2015,LSIFO,15.15,1
Maui,2016,LSIFO,14.49,1
Maui,2017,LSIFO,13.86,1
Maui,2018,LSIFO,14.08,1
Maui,2019,LSIFO,14.32,1
Maui,2020,LSIFO,14.63,1
Maui,2021,LSIFO,14.97,1
Maui,2022,LSIFO,15.33,1
Maui,2023,LSIFO,15.68,1
Maui,2024,LSIFO,16.01,1
Maui,2025,LSIFO,16.37,1
Maui,2026,LSIFO,16.71,1
Maui,2027,LSIFO,17.05,1
Maui,2028,LSIFO,17.41,1
Maui,2029,LSIFO,17.76,1
Maui,2030,LSIFO,18.12,1
Maui,2031,LSIFO,18.49,1
Maui,2032,LSIFO,18.86,1
Maui,2033,LSIFO,19.3,1
Maui,2013,LSIFO,17.9,2
Maui,2014,LSIFO,22.83,2
Maui,2015,LSIFO,25.17,2
Maui,2016,LSIFO,27.14,2
Maui,2017,LSIFO,28.04,2
Maui,2018,LSIFO,28.99,2
Maui,2019,LSIFO,30,2
Maui,2020,LSIFO,31.1,2
Maui,2021,LSIFO,32.25,2
Maui,2022,LSIFO,33.56,2
Maui,2023,LSIFO,34.89,2
Maui,2024,LSIFO,36.32,2
Maui,2025,LSIFO,37.84,2
Maui,2026,LSIFO,39.42,2
Maui,2027,LSIFO,41.07,2
Maui,2028,LSIFO,42.79,2
Maui,2029,LSIFO,44.55,2
Maui,2030,LSIFO,46.27,2
Maui,2031,LSIFO,48.04,2
Maui,2032,LSIFO,49.86,2
Maui,2033,LSIFO,51.94,2
Maui,2013,LSIFO,17.95,3
Maui,2014,LSIFO,18.23,3
Maui,2015,LSIFO,18.31,3
Maui,2016,LSIFO,18.8,3
Maui,2017,LSIFO,19.48,3
Maui,2018,LSIFO,20.2,3
Maui,2019,LSIFO,20.94,3
Maui,2020,LSIFO,21.73,3
Maui,2021,LSIFO,22.56,3
Maui,2022,LSIFO,23.45,3
Maui,2023,LSIFO,24.36,3
Maui,2024,LSIFO,25.31,3
Maui,2025,LSIFO,26.3,3
Maui,2026,LSIFO,27.33,3
Maui,2027,LSIFO,28.41,3
Maui,2028,LSIFO,29.52,3
Maui,2029,LSIFO,30.69,3
Maui,2030,LSIFO,31.91,3
Maui,2031,LSIFO,33.18,3
Maui,2032,LSIFO,34.49,3
Maui,2033,LSIFO,35.85,3
Hawaii,2013,MSFO,15.53,1
Hawaii,2014,MSFO,13.78,1
Hawaii,2015,MSFO,13.02,1
Hawaii,2016,MSFO,12.41,1
Hawaii,2017,MSFO,11.83,1
Hawaii,2018,MSFO,12.01,1
Hawaii,2019,MSFO,12.22,1
Hawaii,2020,MSFO,12.49,1
Hawaii,2021,MSFO,12.78,1
Hawaii,2022,MSFO,13.09,1
Hawaii,2023,MSFO,13.39,1
Hawaii,2024,MSFO,13.68,1
Hawaii,2025,MSFO,13.99,1
Hawaii,2026,MSFO,14.28,1
Hawaii,2027,MSFO,14.58,1
Hawaii,2028,MSFO,14.88,1
Hawaii,2029,MSFO,15.19,1
Hawaii,2030,MSFO,15.5,1
Hawaii,2031,MSFO,15.82,1
Hawaii,2032,MSFO,16.14,1
Hawaii,2033,MSFO,16.52,1
Hawaii,2013,MSFO,15.52,2
Hawaii,2014,MSFO,19.95,2
Hawaii,2015,MSFO,22.05,2
Hawaii,2016,MSFO,23.82,2
Hawaii,2017,MSFO,24.62,2
Hawaii,2018,MSFO,25.48,2
Hawaii,2019,MSFO,26.37,2
Hawaii,2020,MSFO,27.35,2
Hawaii,2021,MSFO,28.38,2
Hawaii,2022,MSFO,29.55,2
Hawaii,2023,MSFO,30.73,2
Hawaii,2024,MSFO,32.01,2
Hawaii,2025,MSFO,33.36,2
Hawaii,2026,MSFO,34.78,2
Hawaii,2027,MSFO,36.24,2
Hawaii,2028,MSFO,37.78,2
Hawaii,2029,MSFO,39.35,2
Hawaii,2030,MSFO,40.89,2
Hawaii,2031,MSFO,42.47,2
Hawaii,2032,MSFO,44.1,2
Hawaii,2033,MSFO,45.96,2
Hawaii,2013,MSFO,15.56,3
Hawaii,2014,MSFO,15.81,3
Hawaii,2015,MSFO,15.87,3
Hawaii,2016,MSFO,16.3,3
Hawaii,2017,MSFO,16.9,3
Hawaii,2018,MSFO,17.54,3
Hawaii,2019,MSFO,18.2,3
Hawaii,2020,MSFO,18.9,3
Hawaii,2021,MSFO,19.64,3
Hawaii,2022,MSFO,20.42,3
Hawaii,2023,MSFO,21.23,3
Hawaii,2024,MSFO,22.08,3
Hawaii,2025,MSFO,22.95,3
Hawaii,2026,MSFO,23.87,3
Hawaii,2027,MSFO,24.82,3
Hawaii,2028,MSFO,25.82,3
Hawaii,2029,MSFO,26.86,3
Hawaii,2030,MSFO,27.94,3
Hawaii,2031,MSFO,29.07,3
Hawaii,2032,MSFO,30.24,3
Hawaii,2033,MSFO,31.45,3
Maui,2013,MSFO,15.2,1
Maui,2014,MSFO,13.46,1
Maui,2015,MSFO,12.69,1
Maui,2016,MSFO,12.08,1
Maui,2017,MSFO,11.5,1
Maui,2018,MSFO,11.68,1
Maui,2019,MSFO,11.88,1
Maui,2020,MSFO,12.14,1
Maui,2021,MSFO,12.42,1
Maui,2022,MSFO,12.73,1
Maui,2023,MSFO,13.02,1
Maui,2024,MSFO,13.3,1
Maui,2025,MSFO,13.6,1
Maui,2026,MSFO,13.89,1
Maui,2027,MSFO,14.18,1
Maui,2028,MSFO,14.48,1
Maui,2029,MSFO,14.78,1
Maui,2030,MSFO,15.08,1
Maui,2031,MSFO,15.39,1
Maui,2032,MSFO,15.7,1
Maui,2033,MSFO,16.08,1
Maui,2013,MSFO,15.19,2
Maui,2014,MSFO,19.6,2
Maui,2015,MSFO,21.69,2
Maui,2016,MSFO,23.45,2
Maui,2017,MSFO,24.24,2
Maui,2018,MSFO,25.09,2
Maui,2019,MSFO,25.98,2
Maui,2020,MSFO,26.95,2
Maui,2021,MSFO,27.97,2
Maui,2022,MSFO,29.12,2
Maui,2023,MSFO,30.3,2
Maui,2024,MSFO,31.56,2
Maui,2025,MSFO,32.9,2
Maui,2026,MSFO,34.31,2
Maui,2027,MSFO,35.76,2
Maui,2028,MSFO,37.28,2
Maui,2029,MSFO,38.84,2
Maui,2030,MSFO,40.37,2
Maui,2031,MSFO,41.93,2
Maui,2032,MSFO,43.55,2
Maui,2033,MSFO,45.39,2
Maui,2013,MSFO,15.23,3
Maui,2014,MSFO,15.47,3
Maui,2015,MSFO,15.53,3
Maui,2016,MSFO,15.96,3
Maui,2017,MSFO,16.55,3
Maui,2018,MSFO,17.18,3
Maui,2019,MSFO,17.83,3
Maui,2020,MSFO,18.52,3
Maui,2021,MSFO,19.25,3
Maui,2022,MSFO,20.03,3
Maui,2023,MSFO,20.83,3
Maui,2024,MSFO,21.67,3
Maui,2025,MSFO,22.54,3
Maui,2026,MSFO,23.44,3
Maui,2027,MSFO,24.39,3
Maui,2028,MSFO,25.37,3
Maui,2029,MSFO,26.4,3
Maui,2030,MSFO,27.47,3
Maui,2031,MSFO,28.59,3
Maui,2032,MSFO,29.74,3
Maui,2033,MSFO,30.94,3
Hawaii,2013,ULSD,22.85,1
Hawaii,2014,ULSD,20.59,1
Hawaii,2015,ULSD,19.63,1
Hawaii,2016,ULSD,18.87,1
Hawaii,2017,ULSD,18.16,1
Hawaii,2018,ULSD,18.45,1
Hawaii,2019,ULSD,18.77,1
Hawaii,2020,ULSD,19.17,1
Hawaii,2021,ULSD,19.6,1
Hawaii,2022,ULSD,20.07,1
Hawaii,2023,ULSD,20.52,1
Hawaii,2024,ULSD,20.95,1
Hawaii,2025,ULSD,21.41,1
Hawaii,2026,ULSD,21.84,1
Hawaii,2027,ULSD,22.29,1
Hawaii,2028,ULSD,22.74,1
Hawaii,2029,ULSD,23.19,1
Hawaii,2030,ULSD,23.66,1
Hawaii,2031,ULSD,24.13,1
Hawaii,2032,ULSD,24.6,1
Hawaii,2033,ULSD,25.16,1
Hawaii,2013,ULSD,22.83,2
Hawaii,2014,ULSD,28.69,2
Hawaii,2015,ULSD,31.49,2
Hawaii,2016,ULSD,33.84,2
Hawaii,2017,ULSD,34.92,2
Hawaii,2018,ULSD,36.08,2
Hawaii,2019,ULSD,37.29,2
Hawaii,2020,ULSD,38.61,2
Hawaii,2021,ULSD,40.01,2
Hawaii,2022,ULSD,41.59,2
Hawaii,2023,ULSD,43.2,2
Hawaii,2024,ULSD,44.94,2
Hawaii,2025,ULSD,46.77,2
Hawaii,2026,ULSD,48.69,2
Hawaii,2027,ULSD,50.68,2
Hawaii,2028,ULSD,52.75,2
Hawaii,2029,ULSD,54.89,2
Hawaii,2030,ULSD,56.96,2
Hawaii,2031,ULSD,59.09,2
Hawaii,2032,ULSD,61.29,2
Hawaii,2033,ULSD,63.79,2
Hawaii,2013,ULSD,22.89,3
Hawaii,2014,ULSD,23.25,3
Hawaii,2015,ULSD,23.37,3
Hawaii,2016,ULSD,23.98,3
Hawaii,2017,ULSD,24.81,3
Hawaii,2018,ULSD,25.69,3
Hawaii,2019,ULSD,26.59,3
Hawaii,2020,ULSD,27.56,3
Hawaii,2021,ULSD,28.57,3
Hawaii,2022,ULSD,29.65,3
Hawaii,2023,ULSD,30.77,3
Hawaii,2024,ULSD,31.93,3
Hawaii,2025,ULSD,33.14,3
Hawaii,2026,ULSD,34.4,3
Hawaii,2027,ULSD,35.7,3
Hawaii,2028,ULSD,37.06,3
Hawaii,2029,ULSD,38.49,3
Hawaii,2030,ULSD,39.97,3
Hawaii,2031,ULSD,41.51,3
Hawaii,2032,ULSD,43.11,3
Hawaii,2033,ULSD,44.76,3
Lanai,2013,ULSD,26.9,1
Lanai,2014,ULSD,24.65,1
Lanai,2015,ULSD,23.72,1
Lanai,2016,ULSD,23.02,1
Lanai,2017,ULSD,22.35,1
Lanai,2018,ULSD,22.72,1
Lanai,2019,ULSD,23.13,1
Lanai,2020,ULSD,23.61,1
Lanai,2021,ULSD,24.12,1
Lanai,2022,ULSD,24.69,1
Lanai,2023,ULSD,25.22,1
Lanai,2024,ULSD,25.73,1
Lanai,2025,ULSD,26.28,1
Lanai,2026,ULSD,26.8,1
Lanai,2027,ULSD,27.32,1
Lanai,2028,ULSD,27.86,1
Lanai,2029,ULSD,28.4,1
Lanai,2030,ULSD,28.96,1
Lanai,2031,ULSD,29.51,1
Lanai,2032,ULSD,30.07,1
Lanai,2033,ULSD,30.74,1
Lanai,2013,ULSD,26.88,2
Lanai,2014,ULSD,32.91,2
Lanai,2015,ULSD,35.81,2
Lanai,2016,ULSD,38.26,2
Lanai,2017,ULSD,39.41,2
Lanai,2018,ULSD,40.63,2
Lanai,2019,ULSD,41.93,2
Lanai,2020,ULSD,43.33,2
Lanai,2021,ULSD,44.82,2
Lanai,2022,ULSD,46.51,2
Lanai,2023,ULSD,48.23,2
Lanai,2024,ULSD,50.08,2
Lanai,2025,ULSD,52.04,2
Lanai,2026,ULSD,54.08,2
Lanai,2027,ULSD,56.2,2
Lanai,2028,ULSD,58.41,2
Lanai,2029,ULSD,60.68,2
Lanai,2030,ULSD,62.87,2
Lanai,2031,ULSD,65.13,2
Lanai,2032,ULSD,67.45,2
Lanai,2033,ULSD,70.11,2
Lanai,2013,ULSD,26.95,3
Lanai,2014,ULSD,27.37,3
Lanai,2015,ULSD,27.54,3
Lanai,2016,ULSD,28.22,3
Lanai,2017,ULSD,29.12,3
Lanai,2018,ULSD,30.08,3
Lanai,2019,ULSD,31.07,3
Lanai,2020,ULSD,32.12,3
Lanai,2021,ULSD,33.22,3
Lanai,2022,ULSD,34.4,3
Lanai,2023,ULSD,35.62,3
Lanai,2024,ULSD,36.87,3
Lanai,2025,ULSD,38.18,3
Lanai,2026,ULSD,39.55,3
Lanai,2027,ULSD,40.96,3
Lanai,2028,ULSD,42.43,3
Lanai,2029,ULSD,43.97,3
Lanai,2030,ULSD,45.56,3
Lanai,2031,ULSD,47.23,3
Lanai,2032,ULSD,48.95,3
Lanai,2033,ULSD,50.72,3
Maui,2013,ULSD,23.26,1
Maui,2014,ULSD,20.89,1
Maui,2015,ULSD,19.87,1
Maui,2016,ULSD,19.08,1
Maui,2017,ULSD,18.32,1
Maui,2018,ULSD,18.61,1
Maui,2019,ULSD,18.93,1
Maui,2020,ULSD,19.34,1
Maui,2021,ULSD,19.77,1
Maui,2022,ULSD,20.25,1
Maui,2023,ULSD,20.71,1
Maui,2024,ULSD,21.14,1
Maui,2025,ULSD,21.61,1
Maui,2026,ULSD,22.05,1
Maui,2027,ULSD,22.5,1
Maui,2028,ULSD,22.96,1
Maui,2029,ULSD,23.42,1
Maui,2030,ULSD,23.9,1
Maui,2031,ULSD,24.37,1
Maui,2032,ULSD,24.85,1
Maui,2033,ULSD,25.42,1
Maui,2013,ULSD,23.24,2
Maui,2014,ULSD,29.36,2
Maui,2015,ULSD,32.27,2
Maui,2016,ULSD,34.72,2
Maui,2017,ULSD,35.85,2
Maui,2018,ULSD,37.04,2
Maui,2019,ULSD,38.31,2
Maui,2020,ULSD,39.68,2
Maui,2021,ULSD,41.13,2
Maui,2022,ULSD,42.77,2
Maui,2023,ULSD,44.44,2
Maui,2024,ULSD,46.23,2
Maui,2025,ULSD,48.14,2
Maui,2026,ULSD,50.13,2
Maui,2027,ULSD,52.19,2
Maui,2028,ULSD,54.34,2
Maui,2029,ULSD,56.56,2
Maui,2030,ULSD,58.71,2
Maui,2031,ULSD,60.92,2
Maui,2032,ULSD,63.2,2
Maui,2033,ULSD,65.8,2
Maui,2013,ULSD,23.3,3
Maui,2014,ULSD,23.67,3
Maui,2015,ULSD,23.79,3
Maui,2016,ULSD,24.41,3
Maui,2017,ULSD,25.27,3
Maui,2018,ULSD,26.18,3
Maui,2019,ULSD,27.12,3
Maui,2020,ULSD,28.11,3
Maui,2021,ULSD,29.16,3
Maui,2022,ULSD,30.28,3
Maui,2023,ULSD,31.43,3
Maui,2024,ULSD,32.63,3
Maui,2025,ULSD,33.88,3
Maui,2026,ULSD,35.18,3
Maui,2027,ULSD,36.53,3
Maui,2028,ULSD,37.94,3
Maui,2029,ULSD,39.41,3
Maui,2030,ULSD,40.95,3
Maui,2031,ULSD,42.54,3
Maui,2032,ULSD,44.2,3
Maui,2033,ULSD,45.91,3
Molokai,2013,ULSD,24.02,1
Molokai,2014,ULSD,21.69,1
Molokai,2015,ULSD,20.7,1
Molokai,2016,ULSD,19.93,1
Molokai,2017,ULSD,19.2,1
Molokai,2018,ULSD,19.51,1
Molokai,2019,ULSD,19.85,1
Molokai,2020,ULSD,20.28,1
Molokai,2021,ULSD,20.73,1
Molokai,2022,ULSD,21.22,1
Molokai,2023,ULSD,21.7,1
Molokai,2024,ULSD,22.14,1
Molokai,2025,ULSD,22.63,1
Molokai,2026,ULSD,23.09,1
Molokai,2027,ULSD,23.55,1
Molokai,2028,ULSD,24.03,1
Molokai,2029,ULSD,24.51,1
Molokai,2030,ULSD,25,1
Molokai,2031,ULSD,25.49,1
Molokai,2032,ULSD,25.99,1
Molokai,2033,ULSD,26.58,1
Molokai,2013,ULSD,24,2
Molokai,2014,ULSD,30.05,2
Molokai,2015,ULSD,32.95,2
Molokai,2016,ULSD,35.38,2
Molokai,2017,ULSD,36.5,2
Molokai,2018,ULSD,37.7,2
Molokai,2019,ULSD,38.96,2
Molokai,2020,ULSD,40.33,2
Molokai,2021,ULSD,41.79,2
Molokai,2022,ULSD,43.43,2
Molokai,2023,ULSD,45.1,2
Molokai,2024,ULSD,46.9,2
Molokai,2025,ULSD,48.8,2
Molokai,2026,ULSD,50.79,2
Molokai,2027,ULSD,52.86,2
Molokai,2028,ULSD,55.01,2
Molokai,2029,ULSD,57.22,2
Molokai,2030,ULSD,59.37,2
Molokai,2031,ULSD,61.58,2
Molokai,2032,ULSD,63.86,2
Molokai,2033,ULSD,66.46,2
Molokai,2013,ULSD,24.06,3
Molokai,2014,ULSD,24.44,3
Molokai,2015,ULSD,24.57,3
Molokai,2016,ULSD,25.2,3
Molokai,2017,ULSD,26.07,3
Molokai,2018,ULSD,26.98,3
Molokai,2019,ULSD,27.93,3
Molokai,2020,ULSD,28.93,3
Molokai,2021,ULSD,29.98,3
Molokai,2022,ULSD,31.11,3
Molokai,2023,ULSD,32.27,3
Molokai,2024,ULSD,33.48,3
Molokai,2025,ULSD,34.73,3
Molokai,2026,ULSD,36.04,3
Molokai,2027,ULSD,37.4,3
Molokai,2028,ULSD,38.81,3
Molokai,2029,ULSD,40.29,3
Molokai,2030,ULSD,41.83,3
Molokai,2031,ULSD,43.44,3
Molokai,2032,ULSD,45.1,3
Molokai,2033,ULSD,46.81,3
Oahu,2013,ULSD,21.66,1
Oahu,2014,ULSD,19.61,1
Oahu,2015,ULSD,18.75,1
Oahu,2016,ULSD,18.08,1
Oahu,2017,ULSD,17.45,1
Oahu,2018,ULSD,17.73,1
Oahu,2019,ULSD,18.04,1
Oahu,2020,ULSD,18.42,1
Oahu,2021,ULSD,18.83,1
Oahu,2022,ULSD,19.28,1
Oahu,2023,ULSD,19.71,1
Oahu,2024,ULSD,20.11,1
Oahu,2025,ULSD,20.55,1
Oahu,2026,ULSD,20.97,1
Oahu,2027,ULSD,21.38,1
Oahu,2028,ULSD,21.82,1
Oahu,2029,ULSD,22.25,1
Oahu,2030,ULSD,22.69,1
Oahu,2031,ULSD,23.13,1
Oahu,2032,ULSD,23.58,1
Oahu,2033,ULSD,24.12,1
Oahu,2013,ULSD,21.64,2
Oahu,2014,ULSD,26.98,2
Oahu,2015,ULSD,29.54,2
Oahu,2016,ULSD,31.69,2
Oahu,2017,ULSD,32.68,2
Oahu,2018,ULSD,33.75,2
Oahu,2019,ULSD,34.86,2
Oahu,2020,ULSD,36.08,2
Oahu,2021,ULSD,37.37,2
Oahu,2022,ULSD,38.83,2
Oahu,2023,ULSD,40.31,2
Oahu,2024,ULSD,41.9,2
Oahu,2025,ULSD,43.59,2
Oahu,2026,ULSD,45.36,2
Oahu,2027,ULSD,47.19,2
Oahu,2028,ULSD,49.1,2
Oahu,2029,ULSD,51.06,2
Oahu,2030,ULSD,52.97,2
Oahu,2031,ULSD,54.92,2
Oahu,2032,ULSD,56.94,2
Oahu,2033,ULSD,59.25,2
Oahu,2013,ULSD,21.69,3
Oahu,2014,ULSD,22.04,3
Oahu,2015,ULSD,22.16,3
Oahu,2016,ULSD,22.72,3
Oahu,2017,ULSD,23.49,3
Oahu,2018,ULSD,24.31,3
Oahu,2019,ULSD,25.15,3
Oahu,2020,ULSD,26.04,3
Oahu,2021,ULSD,26.98,3
Oahu,2022,ULSD,27.98,3
Oahu,2023,ULSD,29.01,3
Oahu,2024,ULSD,30.09,3
Oahu,2025,ULSD,31.2,3
Oahu,2026,ULSD,32.37,3
Oahu,2027,ULSD,33.58,3
Oahu,2028,ULSD,34.83,3
Oahu,2029,ULSD,36.15,3
Oahu,2030,ULSD,37.52,3
Oahu,2031,ULSD,38.94,3
Oahu,2032,ULSD,40.42,3
Oahu,2033,ULSD,41.94,3
Oahu,2013,Coal,2.631,3
Oahu,2014,Coal,2.665,3
Oahu,2015,Coal,2.698,3
Oahu,2016,Coal,2.731,3
Oahu,2017,Coal,2.764,3
Oahu,2018,Coal,2.797,3
Oahu,2019,Coal,2.829,3
Oahu,2020,Coal,2.861,3
Oahu,2021,Coal,2.892,3
Oahu,2022,Coal,2.923,3
Oahu,2023,Coal,2.954,3
Oahu,2024,Coal,2.985,3
Oahu,2025,Coal,3.015,3
Oahu,2026,Coal,3.045,3
Oahu,2027,Coal,3.074,3
Oahu,2028,Coal,3.103,3
Oahu,2029,Coal,3.132,3
Oahu,2030,Coal,3.161,3
Oahu,2031,Coal,3.189,3
Oahu,2032,Coal,3.217,3
Oahu,2033,Coal,3.244,3
Oahu,2034,Coal,3.272,3
Oahu,2035,Coal,3.299,3
Oahu,2036,Coal,3.325,3
Oahu,2037,Coal,3.351,3
Oahu,2038,Coal,3.377,3
Oahu,2039,Coal,3.403,3
Oahu,2040,Coal,3.428,3
